file	obj	time	ub
runs/alg-1-beam-1000-h-4-new/10_1000_10_10_20_0.txt.out	110	14.754	0
runs/alg-1-beam-1000-h-4-new/10_1000_10_10_20_1.txt.out	109	13.413	0
runs/alg-1-beam-1000-h-4-new/10_1000_10_10_20_2.txt.out	111	11.868	0
runs/alg-1-beam-1000-h-4-new/10_1000_10_10_20_3.txt.out	110	14.042	0
runs/alg-1-beam-1000-h-4-new/10_1000_10_10_20_4.txt.out	110	10.764	0
runs/alg-1-beam-1000-h-4-new/10_1000_10_10_4_0.txt.out	340	2.072	0
runs/alg-1-beam-1000-h-4-new/10_1000_10_10_4_1.txt.out	325	1.75	0
runs/alg-1-beam-1000-h-4-new/10_1000_10_10_4_2.txt.out	408	4.205	0
runs/alg-1-beam-1000-h-4-new/10_1000_10_10_4_3.txt.out	410	3.996	0
runs/alg-1-beam-1000-h-4-new/10_1000_10_10_4_4.txt.out	407	4.151	0
runs/alg-1-beam-1000-h-4-new/10_1000_10_20_20_0.txt.out	112	8.395	0
runs/alg-1-beam-1000-h-4-new/10_1000_10_20_20_1.txt.out	110	8.917	0
runs/alg-1-beam-1000-h-4-new/10_1000_10_20_20_2.txt.out	109	8.997	0
runs/alg-1-beam-1000-h-4-new/10_1000_10_20_20_3.txt.out	111	9.074	0
runs/alg-1-beam-1000-h-4-new/10_1000_10_20_20_4.txt.out	112	9.499	0
runs/alg-1-beam-1000-h-4-new/10_1000_10_20_4_0.txt.out	406	3.324	0
runs/alg-1-beam-1000-h-4-new/10_1000_10_20_4_1.txt.out	350	2.129	0
runs/alg-1-beam-1000-h-4-new/10_1000_10_20_4_2.txt.out	411	3.917	0
runs/alg-1-beam-1000-h-4-new/10_1000_10_20_4_3.txt.out	416	3.913	0
runs/alg-1-beam-1000-h-4-new/10_1000_10_20_4_4.txt.out	412	3.518	0
runs/alg-1-beam-1000-h-4-new/10_1000_10_50_20_0.txt.out	110	9.754	0
runs/alg-1-beam-1000-h-4-new/10_1000_10_50_20_1.txt.out	110	8.882	0
runs/alg-1-beam-1000-h-4-new/10_1000_10_50_20_2.txt.out	109	8.65	0
runs/alg-1-beam-1000-h-4-new/10_1000_10_50_20_3.txt.out	110	9.004	0
runs/alg-1-beam-1000-h-4-new/10_1000_10_50_20_4.txt.out	111	8.647	0
runs/alg-1-beam-1000-h-4-new/10_1000_10_50_4_0.txt.out	425	4.018	0
runs/alg-1-beam-1000-h-4-new/10_1000_10_50_4_1.txt.out	427	3.967	0
runs/alg-1-beam-1000-h-4-new/10_1000_10_50_4_2.txt.out	430	3.557	0
runs/alg-1-beam-1000-h-4-new/10_1000_10_50_4_3.txt.out	424	3.754	0
runs/alg-1-beam-1000-h-4-new/10_1000_10_50_4_4.txt.out	378	2.931	0
runs/alg-1-beam-1000-h-4-new/10_1000_3_10_20_0.txt.out	111	11.121	0
runs/alg-1-beam-1000-h-4-new/10_1000_3_10_20_1.txt.out	111	8.37	0
runs/alg-1-beam-1000-h-4-new/10_1000_3_10_20_2.txt.out	110	8.767	0
runs/alg-1-beam-1000-h-4-new/10_1000_3_10_20_3.txt.out	112	9.455	0
runs/alg-1-beam-1000-h-4-new/10_1000_3_10_20_4.txt.out	109	8.471	0
runs/alg-1-beam-1000-h-4-new/10_1000_3_10_4_0.txt.out	404	3.412	0
runs/alg-1-beam-1000-h-4-new/10_1000_3_10_4_1.txt.out	350	2.168	0
runs/alg-1-beam-1000-h-4-new/10_1000_3_10_4_2.txt.out	407	3.464	0
runs/alg-1-beam-1000-h-4-new/10_1000_3_10_4_3.txt.out	407	2.839	0
runs/alg-1-beam-1000-h-4-new/10_1000_3_10_4_4.txt.out	419	2.913	0
runs/alg-1-beam-1000-h-4-new/10_1000_3_20_20_0.txt.out	111	8.349	0
runs/alg-1-beam-1000-h-4-new/10_1000_3_20_20_1.txt.out	111	8.985	0
runs/alg-1-beam-1000-h-4-new/10_1000_3_20_20_2.txt.out	110	8.677	0
runs/alg-1-beam-1000-h-4-new/10_1000_3_20_20_3.txt.out	109	8.249	0
runs/alg-1-beam-1000-h-4-new/10_1000_3_20_20_4.txt.out	111	9.246	0
runs/alg-1-beam-1000-h-4-new/10_1000_3_20_4_0.txt.out	412	3.6	0
runs/alg-1-beam-1000-h-4-new/10_1000_3_20_4_1.txt.out	406	3.62	0
runs/alg-1-beam-1000-h-4-new/10_1000_3_20_4_2.txt.out	417	3.588	0
runs/alg-1-beam-1000-h-4-new/10_1000_3_20_4_3.txt.out	412	3.633	0
runs/alg-1-beam-1000-h-4-new/10_1000_3_20_4_4.txt.out	418	3.748	0
runs/alg-1-beam-1000-h-4-new/10_1000_3_50_20_0.txt.out	110	8.468	0
runs/alg-1-beam-1000-h-4-new/10_1000_3_50_20_1.txt.out	109	9.087	0
runs/alg-1-beam-1000-h-4-new/10_1000_3_50_20_2.txt.out	111	9.193	0
runs/alg-1-beam-1000-h-4-new/10_1000_3_50_20_3.txt.out	110	9.127	0
runs/alg-1-beam-1000-h-4-new/10_1000_3_50_20_4.txt.out	109	8.461	0
runs/alg-1-beam-1000-h-4-new/10_1000_3_50_4_0.txt.out	427	3.52	0
runs/alg-1-beam-1000-h-4-new/10_1000_3_50_4_1.txt.out	429	3.795	0
runs/alg-1-beam-1000-h-4-new/10_1000_3_50_4_2.txt.out	425	3.481	0
runs/alg-1-beam-1000-h-4-new/10_1000_3_50_4_3.txt.out	426	3.451	0
runs/alg-1-beam-1000-h-4-new/10_1000_3_50_4_4.txt.out	422	3.404	0
runs/alg-1-beam-1000-h-4-new/10_1000_5_10_20_0.txt.out	110	11.281	0
runs/alg-1-beam-1000-h-4-new/10_1000_5_10_20_1.txt.out	111	12.674	0
runs/alg-1-beam-1000-h-4-new/10_1000_5_10_20_2.txt.out	111	8.882	0
runs/alg-1-beam-1000-h-4-new/10_1000_5_10_20_3.txt.out	112	13.727	0
runs/alg-1-beam-1000-h-4-new/10_1000_5_10_20_4.txt.out	110	11.831	0
runs/alg-1-beam-1000-h-4-new/10_1000_5_10_4_0.txt.out	413	3.582	0
runs/alg-1-beam-1000-h-4-new/10_1000_5_10_4_1.txt.out	410	3.977	0
runs/alg-1-beam-1000-h-4-new/10_1000_5_10_4_2.txt.out	347	1.912	0
runs/alg-1-beam-1000-h-4-new/10_1000_5_10_4_3.txt.out	417	3.871	0
runs/alg-1-beam-1000-h-4-new/10_1000_5_10_4_4.txt.out	324	1.971	0
runs/alg-1-beam-1000-h-4-new/10_1000_5_20_20_0.txt.out	114	9.092	0
runs/alg-1-beam-1000-h-4-new/10_1000_5_20_20_1.txt.out	111	9.742	0
runs/alg-1-beam-1000-h-4-new/10_1000_5_20_20_2.txt.out	110	8.919	0
runs/alg-1-beam-1000-h-4-new/10_1000_5_20_20_3.txt.out	113	8.525	0
runs/alg-1-beam-1000-h-4-new/10_1000_5_20_20_4.txt.out	110	8.268	0
runs/alg-1-beam-1000-h-4-new/10_1000_5_20_4_0.txt.out	415	3.733	0
runs/alg-1-beam-1000-h-4-new/10_1000_5_20_4_1.txt.out	413	3.695	0
runs/alg-1-beam-1000-h-4-new/10_1000_5_20_4_2.txt.out	417	3.833	0
runs/alg-1-beam-1000-h-4-new/10_1000_5_20_4_3.txt.out	411	2.852	0
runs/alg-1-beam-1000-h-4-new/10_1000_5_20_4_4.txt.out	344	2.294	0
runs/alg-1-beam-1000-h-4-new/10_1000_5_50_20_0.txt.out	110	9.259	0
runs/alg-1-beam-1000-h-4-new/10_1000_5_50_20_1.txt.out	110	8.413	0
runs/alg-1-beam-1000-h-4-new/10_1000_5_50_20_2.txt.out	111	9.338	0
runs/alg-1-beam-1000-h-4-new/10_1000_5_50_20_3.txt.out	108	9.266	0
runs/alg-1-beam-1000-h-4-new/10_1000_5_50_20_4.txt.out	108	8.608	0
runs/alg-1-beam-1000-h-4-new/10_1000_5_50_4_0.txt.out	421	3.636	0
runs/alg-1-beam-1000-h-4-new/10_1000_5_50_4_1.txt.out	429	3.679	0
runs/alg-1-beam-1000-h-4-new/10_1000_5_50_4_2.txt.out	422	3.075	0
runs/alg-1-beam-1000-h-4-new/10_1000_5_50_4_3.txt.out	428	3.454	0
runs/alg-1-beam-1000-h-4-new/10_1000_5_50_4_4.txt.out	420	3.546	0
runs/alg-1-beam-1000-h-4-new/10_200_10_10_20_0.txt.out	19	1.147	0
runs/alg-1-beam-1000-h-4-new/10_200_10_10_20_1.txt.out	19	1.231	0
runs/alg-1-beam-1000-h-4-new/10_200_10_10_20_2.txt.out	19	0.976	0
runs/alg-1-beam-1000-h-4-new/10_200_10_10_20_3.txt.out	20	1.093	0
runs/alg-1-beam-1000-h-4-new/10_200_10_10_20_4.txt.out	19	0.988	0
runs/alg-1-beam-1000-h-4-new/10_200_10_10_4_0.txt.out	83	0.767	0
runs/alg-1-beam-1000-h-4-new/10_200_10_10_4_1.txt.out	79	0.64	0
runs/alg-1-beam-1000-h-4-new/10_200_10_10_4_2.txt.out	81	0.723	0
runs/alg-1-beam-1000-h-4-new/10_200_10_10_4_3.txt.out	82	0.735	0
runs/alg-1-beam-1000-h-4-new/10_200_10_10_4_4.txt.out	82	0.722	0
runs/alg-1-beam-1000-h-4-new/10_200_10_2_20_0.txt.out	19	3.463	0
runs/alg-1-beam-1000-h-4-new/10_200_10_2_20_1.txt.out	18	3.571	0
runs/alg-1-beam-1000-h-4-new/10_200_10_2_20_2.txt.out	19	3.298	0
runs/alg-1-beam-1000-h-4-new/10_200_10_2_20_3.txt.out	19	4.051	0
runs/alg-1-beam-1000-h-4-new/10_200_10_2_20_4.txt.out	18	3.449	0
runs/alg-1-beam-1000-h-4-new/10_200_10_2_4_0.txt.out	2	0	0
runs/alg-1-beam-1000-h-4-new/10_200_10_2_4_1.txt.out	2	0	0
runs/alg-1-beam-1000-h-4-new/10_200_10_2_4_2.txt.out	65	0.01	0
runs/alg-1-beam-1000-h-4-new/10_200_10_2_4_3.txt.out	50	0	0
runs/alg-1-beam-1000-h-4-new/10_200_10_2_4_4.txt.out	61	0.008	0
runs/alg-1-beam-1000-h-4-new/10_200_10_4_20_0.txt.out	19	1.344	0
runs/alg-1-beam-1000-h-4-new/10_200_10_4_20_1.txt.out	20	1.242	0
runs/alg-1-beam-1000-h-4-new/10_200_10_4_20_2.txt.out	20	1.267	0
runs/alg-1-beam-1000-h-4-new/10_200_10_4_20_3.txt.out	20	1.134	0
runs/alg-1-beam-1000-h-4-new/10_200_10_4_20_4.txt.out	18	1.346	0
runs/alg-1-beam-1000-h-4-new/10_200_10_4_4_0.txt.out	68	0.326	0
runs/alg-1-beam-1000-h-4-new/10_200_10_4_4_1.txt.out	64	0.324	0
runs/alg-1-beam-1000-h-4-new/10_200_10_4_4_2.txt.out	64	0.299	0
runs/alg-1-beam-1000-h-4-new/10_200_10_4_4_3.txt.out	77	0.634	0
runs/alg-1-beam-1000-h-4-new/10_200_10_4_4_4.txt.out	79	0.666	0
runs/alg-1-beam-1000-h-4-new/10_200_3_10_20_0.txt.out	20	0.972	0
runs/alg-1-beam-1000-h-4-new/10_200_3_10_20_1.txt.out	19	0.882	0
runs/alg-1-beam-1000-h-4-new/10_200_3_10_20_2.txt.out	19	0.92	0
runs/alg-1-beam-1000-h-4-new/10_200_3_10_20_3.txt.out	18	0.79	0
runs/alg-1-beam-1000-h-4-new/10_200_3_10_20_4.txt.out	20	0.83	0
runs/alg-1-beam-1000-h-4-new/10_200_3_10_4_0.txt.out	83	0.659	0
runs/alg-1-beam-1000-h-4-new/10_200_3_10_4_1.txt.out	81	0.585	0
runs/alg-1-beam-1000-h-4-new/10_200_3_10_4_2.txt.out	82	0.587	0
runs/alg-1-beam-1000-h-4-new/10_200_3_10_4_3.txt.out	74	0.459	0
runs/alg-1-beam-1000-h-4-new/10_200_3_10_4_4.txt.out	79	0.592	0
runs/alg-1-beam-1000-h-4-new/10_200_3_2_20_0.txt.out	18	1.962	0
runs/alg-1-beam-1000-h-4-new/10_200_3_2_20_1.txt.out	20	3.254	0
runs/alg-1-beam-1000-h-4-new/10_200_3_2_20_2.txt.out	20	3.023	0
runs/alg-1-beam-1000-h-4-new/10_200_3_2_20_3.txt.out	19	2.781	0
runs/alg-1-beam-1000-h-4-new/10_200_3_2_20_4.txt.out	20	3.036	0
runs/alg-1-beam-1000-h-4-new/10_200_3_2_4_0.txt.out	66	0.162	0
runs/alg-1-beam-1000-h-4-new/10_200_3_2_4_1.txt.out	74	0.387	0
runs/alg-1-beam-1000-h-4-new/10_200_3_2_4_2.txt.out	51	0.009	0
runs/alg-1-beam-1000-h-4-new/10_200_3_2_4_3.txt.out	57	0.013	0
runs/alg-1-beam-1000-h-4-new/10_200_3_2_4_4.txt.out	81	0.64	0
runs/alg-1-beam-1000-h-4-new/10_200_3_4_20_0.txt.out	20	0.91	0
runs/alg-1-beam-1000-h-4-new/10_200_3_4_20_1.txt.out	19	1.329	0
runs/alg-1-beam-1000-h-4-new/10_200_3_4_20_2.txt.out	19	1.114	0
runs/alg-1-beam-1000-h-4-new/10_200_3_4_20_3.txt.out	20	1.121	0
runs/alg-1-beam-1000-h-4-new/10_200_3_4_20_4.txt.out	20	1.275	0
runs/alg-1-beam-1000-h-4-new/10_200_3_4_4_0.txt.out	78	0.489	0
runs/alg-1-beam-1000-h-4-new/10_200_3_4_4_1.txt.out	82	0.639	0
runs/alg-1-beam-1000-h-4-new/10_200_3_4_4_2.txt.out	79	0.651	0
runs/alg-1-beam-1000-h-4-new/10_200_3_4_4_3.txt.out	72	0.348	0
runs/alg-1-beam-1000-h-4-new/10_200_3_4_4_4.txt.out	79	0.627	0
runs/alg-1-beam-1000-h-4-new/10_200_5_10_20_0.txt.out	19	1.092	0
runs/alg-1-beam-1000-h-4-new/10_200_5_10_20_1.txt.out	20	1.018	0
runs/alg-1-beam-1000-h-4-new/10_200_5_10_20_2.txt.out	18	0.884	0
runs/alg-1-beam-1000-h-4-new/10_200_5_10_20_3.txt.out	19	0.912	0
runs/alg-1-beam-1000-h-4-new/10_200_5_10_20_4.txt.out	20	1.017	0
runs/alg-1-beam-1000-h-4-new/10_200_5_10_4_0.txt.out	79	0.588	0
runs/alg-1-beam-1000-h-4-new/10_200_5_10_4_1.txt.out	81	0.639	0
runs/alg-1-beam-1000-h-4-new/10_200_5_10_4_2.txt.out	81	0.698	0
runs/alg-1-beam-1000-h-4-new/10_200_5_10_4_3.txt.out	86	0.714	0
runs/alg-1-beam-1000-h-4-new/10_200_5_10_4_4.txt.out	83	0.652	0
runs/alg-1-beam-1000-h-4-new/10_200_5_2_20_0.txt.out	18	2.669	0
runs/alg-1-beam-1000-h-4-new/10_200_5_2_20_1.txt.out	19	3.009	0
runs/alg-1-beam-1000-h-4-new/10_200_5_2_20_2.txt.out	19	3.149	0
runs/alg-1-beam-1000-h-4-new/10_200_5_2_20_3.txt.out	18	3.062	0
runs/alg-1-beam-1000-h-4-new/10_200_5_2_20_4.txt.out	19	2.694	0
runs/alg-1-beam-1000-h-4-new/10_200_5_2_4_0.txt.out	59	0.007	0
runs/alg-1-beam-1000-h-4-new/10_200_5_2_4_1.txt.out	58	0.007	0
runs/alg-1-beam-1000-h-4-new/10_200_5_2_4_2.txt.out	53	0.006	0
runs/alg-1-beam-1000-h-4-new/10_200_5_2_4_3.txt.out	57	0	0
runs/alg-1-beam-1000-h-4-new/10_200_5_2_4_4.txt.out	66	0.016	0
runs/alg-1-beam-1000-h-4-new/10_200_5_4_20_0.txt.out	19	1.631	0
runs/alg-1-beam-1000-h-4-new/10_200_5_4_20_1.txt.out	19	1.094	0
runs/alg-1-beam-1000-h-4-new/10_200_5_4_20_2.txt.out	19	1.033	0
runs/alg-1-beam-1000-h-4-new/10_200_5_4_20_3.txt.out	19	1.099	0
runs/alg-1-beam-1000-h-4-new/10_200_5_4_20_4.txt.out	20	1.305	0
runs/alg-1-beam-1000-h-4-new/10_200_5_4_4_0.txt.out	79	0.614	0
runs/alg-1-beam-1000-h-4-new/10_200_5_4_4_1.txt.out	64	0.313	0
runs/alg-1-beam-1000-h-4-new/10_200_5_4_4_2.txt.out	69	0.334	0
runs/alg-1-beam-1000-h-4-new/10_200_5_4_4_3.txt.out	81	0.471	0
runs/alg-1-beam-1000-h-4-new/10_200_5_4_4_4.txt.out	80	0.663	0
runs/alg-1-beam-1000-h-4-new/10_500_10_10_20_0.txt.out	53	3.772	0
runs/alg-1-beam-1000-h-4-new/10_500_10_10_20_1.txt.out	53	4.087	0
runs/alg-1-beam-1000-h-4-new/10_500_10_10_20_2.txt.out	53	4.192	0
runs/alg-1-beam-1000-h-4-new/10_500_10_10_20_3.txt.out	54	4.522	0
runs/alg-1-beam-1000-h-4-new/10_500_10_10_20_4.txt.out	55	4.493	0
runs/alg-1-beam-1000-h-4-new/10_500_10_10_4_0.txt.out	203	1.903	0
runs/alg-1-beam-1000-h-4-new/10_500_10_10_4_1.txt.out	200	1.869	0
runs/alg-1-beam-1000-h-4-new/10_500_10_10_4_2.txt.out	205	2.019	0
runs/alg-1-beam-1000-h-4-new/10_500_10_10_4_3.txt.out	203	1.36	0
runs/alg-1-beam-1000-h-4-new/10_500_10_10_4_4.txt.out	203	1.586	0
runs/alg-1-beam-1000-h-4-new/10_500_10_25_20_0.txt.out	54	4.502	0
runs/alg-1-beam-1000-h-4-new/10_500_10_25_20_1.txt.out	54	4.154	0
runs/alg-1-beam-1000-h-4-new/10_500_10_25_20_2.txt.out	53	3.935	0
runs/alg-1-beam-1000-h-4-new/10_500_10_25_20_3.txt.out	53	4.083	0
runs/alg-1-beam-1000-h-4-new/10_500_10_25_20_4.txt.out	52	4.169	0
runs/alg-1-beam-1000-h-4-new/10_500_10_25_4_0.txt.out	208	1.801	0
runs/alg-1-beam-1000-h-4-new/10_500_10_25_4_1.txt.out	212	1.816	0
runs/alg-1-beam-1000-h-4-new/10_500_10_25_4_2.txt.out	210	1.949	0
runs/alg-1-beam-1000-h-4-new/10_500_10_25_4_3.txt.out	207	2.006	0
runs/alg-1-beam-1000-h-4-new/10_500_10_25_4_4.txt.out	210	1.482	0
runs/alg-1-beam-1000-h-4-new/10_500_10_5_20_0.txt.out	53	10.137	0
runs/alg-1-beam-1000-h-4-new/10_500_10_5_20_1.txt.out	54	8.759	0
runs/alg-1-beam-1000-h-4-new/10_500_10_5_20_2.txt.out	55	7.475	0
runs/alg-1-beam-1000-h-4-new/10_500_10_5_20_3.txt.out	51	9.425	0
runs/alg-1-beam-1000-h-4-new/10_500_10_5_20_4.txt.out	53	13.074	0
runs/alg-1-beam-1000-h-4-new/10_500_10_5_4_0.txt.out	160	0.932	0
runs/alg-1-beam-1000-h-4-new/10_500_10_5_4_1.txt.out	202	2.04	0
runs/alg-1-beam-1000-h-4-new/10_500_10_5_4_2.txt.out	152	0.889	0
runs/alg-1-beam-1000-h-4-new/10_500_10_5_4_3.txt.out	198	1.283	0
runs/alg-1-beam-1000-h-4-new/10_500_10_5_4_4.txt.out	202	1.886	0
runs/alg-1-beam-1000-h-4-new/10_500_3_10_20_0.txt.out	54	3.824	0
runs/alg-1-beam-1000-h-4-new/10_500_3_10_20_1.txt.out	53	4.018	0
runs/alg-1-beam-1000-h-4-new/10_500_3_10_20_2.txt.out	53	4.41	0
runs/alg-1-beam-1000-h-4-new/10_500_3_10_20_3.txt.out	54	4.108	0
runs/alg-1-beam-1000-h-4-new/10_500_3_10_20_4.txt.out	54	3.837	0
runs/alg-1-beam-1000-h-4-new/10_500_3_10_4_0.txt.out	205	1.771	0
runs/alg-1-beam-1000-h-4-new/10_500_3_10_4_1.txt.out	203	1.854	0
runs/alg-1-beam-1000-h-4-new/10_500_3_10_4_2.txt.out	210	1.733	0
runs/alg-1-beam-1000-h-4-new/10_500_3_10_4_3.txt.out	211	1.824	0
runs/alg-1-beam-1000-h-4-new/10_500_3_10_4_4.txt.out	205	1.765	0
runs/alg-1-beam-1000-h-4-new/10_500_3_25_20_0.txt.out	54	4.132	0
runs/alg-1-beam-1000-h-4-new/10_500_3_25_20_1.txt.out	53	3.762	0
runs/alg-1-beam-1000-h-4-new/10_500_3_25_20_2.txt.out	51	3.861	0
runs/alg-1-beam-1000-h-4-new/10_500_3_25_20_3.txt.out	53	3.629	0
runs/alg-1-beam-1000-h-4-new/10_500_3_25_20_4.txt.out	52	3.908	0
runs/alg-1-beam-1000-h-4-new/10_500_3_25_4_0.txt.out	210	1.735	0
runs/alg-1-beam-1000-h-4-new/10_500_3_25_4_1.txt.out	212	1.823	0
runs/alg-1-beam-1000-h-4-new/10_500_3_25_4_2.txt.out	211	1.913	0
runs/alg-1-beam-1000-h-4-new/10_500_3_25_4_3.txt.out	211	1.501	0
runs/alg-1-beam-1000-h-4-new/10_500_3_25_4_4.txt.out	197	1.347	0
runs/alg-1-beam-1000-h-4-new/10_500_3_5_20_0.txt.out	54	4.329	0
runs/alg-1-beam-1000-h-4-new/10_500_3_5_20_1.txt.out	54	6.228	0
runs/alg-1-beam-1000-h-4-new/10_500_3_5_20_2.txt.out	53	5.127	0
runs/alg-1-beam-1000-h-4-new/10_500_3_5_20_3.txt.out	54	6.059	0
runs/alg-1-beam-1000-h-4-new/10_500_3_5_20_4.txt.out	52	9.385	0
runs/alg-1-beam-1000-h-4-new/10_500_3_5_4_0.txt.out	199	1.86	0
runs/alg-1-beam-1000-h-4-new/10_500_3_5_4_1.txt.out	200	1.389	0
runs/alg-1-beam-1000-h-4-new/10_500_3_5_4_2.txt.out	200	1.665	0
runs/alg-1-beam-1000-h-4-new/10_500_3_5_4_3.txt.out	204	1.927	0
runs/alg-1-beam-1000-h-4-new/10_500_3_5_4_4.txt.out	199	1.495	0
runs/alg-1-beam-1000-h-4-new/10_500_5_10_20_0.txt.out	52	3.717	0
runs/alg-1-beam-1000-h-4-new/10_500_5_10_20_1.txt.out	53	4.397	0
runs/alg-1-beam-1000-h-4-new/10_500_5_10_20_2.txt.out	52	3.762	0
runs/alg-1-beam-1000-h-4-new/10_500_5_10_20_3.txt.out	54	4.029	0
runs/alg-1-beam-1000-h-4-new/10_500_5_10_20_4.txt.out	54	4.32	0
runs/alg-1-beam-1000-h-4-new/10_500_5_10_4_0.txt.out	204	1.916	0
runs/alg-1-beam-1000-h-4-new/10_500_5_10_4_1.txt.out	206	1.832	0
runs/alg-1-beam-1000-h-4-new/10_500_5_10_4_2.txt.out	206	1.776	0
runs/alg-1-beam-1000-h-4-new/10_500_5_10_4_3.txt.out	204	1.452	0
runs/alg-1-beam-1000-h-4-new/10_500_5_10_4_4.txt.out	173	0.974	0
runs/alg-1-beam-1000-h-4-new/10_500_5_25_20_0.txt.out	55	4.2	0
runs/alg-1-beam-1000-h-4-new/10_500_5_25_20_1.txt.out	53	4.67	0
runs/alg-1-beam-1000-h-4-new/10_500_5_25_20_2.txt.out	53	4.102	0
runs/alg-1-beam-1000-h-4-new/10_500_5_25_20_3.txt.out	53	3.743	0
runs/alg-1-beam-1000-h-4-new/10_500_5_25_20_4.txt.out	54	4.363	0
runs/alg-1-beam-1000-h-4-new/10_500_5_25_4_0.txt.out	183	1.124	0
runs/alg-1-beam-1000-h-4-new/10_500_5_25_4_1.txt.out	207	1.581	0
runs/alg-1-beam-1000-h-4-new/10_500_5_25_4_2.txt.out	211	1.885	0
runs/alg-1-beam-1000-h-4-new/10_500_5_25_4_3.txt.out	190	1.366	0
runs/alg-1-beam-1000-h-4-new/10_500_5_25_4_4.txt.out	171	1.256	0
runs/alg-1-beam-1000-h-4-new/10_500_5_5_20_0.txt.out	53	7.343	0
runs/alg-1-beam-1000-h-4-new/10_500_5_5_20_1.txt.out	54	7.186	0
runs/alg-1-beam-1000-h-4-new/10_500_5_5_20_2.txt.out	53	6.404	0
runs/alg-1-beam-1000-h-4-new/10_500_5_5_20_3.txt.out	53	7.458	0
runs/alg-1-beam-1000-h-4-new/10_500_5_5_20_4.txt.out	53	5.163	0
runs/alg-1-beam-1000-h-4-new/10_500_5_5_4_0.txt.out	198	1.819	0
runs/alg-1-beam-1000-h-4-new/10_500_5_5_4_1.txt.out	160	0.844	0
runs/alg-1-beam-1000-h-4-new/10_500_5_5_4_2.txt.out	199	1.53	0
runs/alg-1-beam-1000-h-4-new/10_500_5_5_4_3.txt.out	203	1.931	0
runs/alg-1-beam-1000-h-4-new/10_500_5_5_4_4.txt.out	202	1.921	0
runs/alg-1-beam-1000-h-4-new/3_1000_10_10_20_0.txt.out	233	50.587	0
runs/alg-1-beam-1000-h-4-new/3_1000_10_10_20_1.txt.out	234	41.104	0
runs/alg-1-beam-1000-h-4-new/3_1000_10_10_20_2.txt.out	229	38.943	0
runs/alg-1-beam-1000-h-4-new/3_1000_10_10_20_3.txt.out	231	40.378	0
runs/alg-1-beam-1000-h-4-new/3_1000_10_10_20_4.txt.out	229	41.385	0
runs/alg-1-beam-1000-h-4-new/3_1000_10_10_4_0.txt.out	488	3.104	0
runs/alg-1-beam-1000-h-4-new/3_1000_10_10_4_1.txt.out	492	3.445	0
runs/alg-1-beam-1000-h-4-new/3_1000_10_10_4_2.txt.out	344	1.727	0
runs/alg-1-beam-1000-h-4-new/3_1000_10_10_4_3.txt.out	453	2.929	0
runs/alg-1-beam-1000-h-4-new/3_1000_10_10_4_4.txt.out	484	3.987	0
runs/alg-1-beam-1000-h-4-new/3_1000_10_20_20_0.txt.out	229	13.5	0
runs/alg-1-beam-1000-h-4-new/3_1000_10_20_20_1.txt.out	237	16.51	0
runs/alg-1-beam-1000-h-4-new/3_1000_10_20_20_2.txt.out	227	14.492	0
runs/alg-1-beam-1000-h-4-new/3_1000_10_20_20_3.txt.out	223	15.82	0
runs/alg-1-beam-1000-h-4-new/3_1000_10_20_20_4.txt.out	236	14.301	0
runs/alg-1-beam-1000-h-4-new/3_1000_10_20_4_0.txt.out	485	3.697	0
runs/alg-1-beam-1000-h-4-new/3_1000_10_20_4_1.txt.out	500	4.007	0
runs/alg-1-beam-1000-h-4-new/3_1000_10_20_4_2.txt.out	509	3.878	0
runs/alg-1-beam-1000-h-4-new/3_1000_10_20_4_3.txt.out	504	3.728	0
runs/alg-1-beam-1000-h-4-new/3_1000_10_20_4_4.txt.out	504	4.236	0
runs/alg-1-beam-1000-h-4-new/3_1000_10_50_20_0.txt.out	237	14.343	0
runs/alg-1-beam-1000-h-4-new/3_1000_10_50_20_1.txt.out	229	14.257	0
runs/alg-1-beam-1000-h-4-new/3_1000_10_50_20_2.txt.out	235	14.633	0
runs/alg-1-beam-1000-h-4-new/3_1000_10_50_20_3.txt.out	224	13.846	0
runs/alg-1-beam-1000-h-4-new/3_1000_10_50_20_4.txt.out	227	14.085	0
runs/alg-1-beam-1000-h-4-new/3_1000_10_50_4_0.txt.out	525	4.225	0
runs/alg-1-beam-1000-h-4-new/3_1000_10_50_4_1.txt.out	525	4.078	0
runs/alg-1-beam-1000-h-4-new/3_1000_10_50_4_2.txt.out	522	4.045	0
runs/alg-1-beam-1000-h-4-new/3_1000_10_50_4_3.txt.out	523	4.029	0
runs/alg-1-beam-1000-h-4-new/3_1000_10_50_4_4.txt.out	511	3.779	0
runs/alg-1-beam-1000-h-4-new/3_1000_3_10_20_0.txt.out	238	19.028	0
runs/alg-1-beam-1000-h-4-new/3_1000_3_10_20_1.txt.out	233	25.506	0
runs/alg-1-beam-1000-h-4-new/3_1000_3_10_20_2.txt.out	241	27.904	0
runs/alg-1-beam-1000-h-4-new/3_1000_3_10_20_3.txt.out	240	31.416	0
runs/alg-1-beam-1000-h-4-new/3_1000_3_10_20_4.txt.out	235	29.856	0
runs/alg-1-beam-1000-h-4-new/3_1000_3_10_4_0.txt.out	492	3.316	0
runs/alg-1-beam-1000-h-4-new/3_1000_3_10_4_1.txt.out	497	3.338	0
runs/alg-1-beam-1000-h-4-new/3_1000_3_10_4_2.txt.out	501	3.28	0
runs/alg-1-beam-1000-h-4-new/3_1000_3_10_4_3.txt.out	499	3.3	0
runs/alg-1-beam-1000-h-4-new/3_1000_3_10_4_4.txt.out	499	3.381	0
runs/alg-1-beam-1000-h-4-new/3_1000_3_20_20_0.txt.out	237	11.25	0
runs/alg-1-beam-1000-h-4-new/3_1000_3_20_20_1.txt.out	241	11.006	0
runs/alg-1-beam-1000-h-4-new/3_1000_3_20_20_2.txt.out	237	10.575	0
runs/alg-1-beam-1000-h-4-new/3_1000_3_20_20_3.txt.out	239	10.547	0
runs/alg-1-beam-1000-h-4-new/3_1000_3_20_20_4.txt.out	233	11.386	0
runs/alg-1-beam-1000-h-4-new/3_1000_3_20_4_0.txt.out	511	3.427	0
runs/alg-1-beam-1000-h-4-new/3_1000_3_20_4_1.txt.out	514	3.483	0
runs/alg-1-beam-1000-h-4-new/3_1000_3_20_4_2.txt.out	504	3.317	0
runs/alg-1-beam-1000-h-4-new/3_1000_3_20_4_3.txt.out	500	3.396	0
runs/alg-1-beam-1000-h-4-new/3_1000_3_20_4_4.txt.out	494	3.403	0
runs/alg-1-beam-1000-h-4-new/3_1000_3_50_20_0.txt.out	234	10.409	0
runs/alg-1-beam-1000-h-4-new/3_1000_3_50_20_1.txt.out	241	9.832	0
runs/alg-1-beam-1000-h-4-new/3_1000_3_50_20_2.txt.out	240	9.142	0
runs/alg-1-beam-1000-h-4-new/3_1000_3_50_20_3.txt.out	237	9.84	0
runs/alg-1-beam-1000-h-4-new/3_1000_3_50_20_4.txt.out	238	10.523	0
runs/alg-1-beam-1000-h-4-new/3_1000_3_50_4_0.txt.out	532	3.412	0
runs/alg-1-beam-1000-h-4-new/3_1000_3_50_4_1.txt.out	535	3.656	0
runs/alg-1-beam-1000-h-4-new/3_1000_3_50_4_2.txt.out	528	3.654	0
runs/alg-1-beam-1000-h-4-new/3_1000_3_50_4_3.txt.out	529	3.372	0
runs/alg-1-beam-1000-h-4-new/3_1000_3_50_4_4.txt.out	526	3.434	0
runs/alg-1-beam-1000-h-4-new/3_1000_5_10_20_0.txt.out	232	37.553	0
runs/alg-1-beam-1000-h-4-new/3_1000_5_10_20_1.txt.out	235	33.601	0
runs/alg-1-beam-1000-h-4-new/3_1000_5_10_20_2.txt.out	242	34.181	0
runs/alg-1-beam-1000-h-4-new/3_1000_5_10_20_3.txt.out	238	36.277	0
runs/alg-1-beam-1000-h-4-new/3_1000_5_10_20_4.txt.out	237	40.891	0
runs/alg-1-beam-1000-h-4-new/3_1000_5_10_4_0.txt.out	340	1.677	0
runs/alg-1-beam-1000-h-4-new/3_1000_5_10_4_1.txt.out	506	3.684	0
runs/alg-1-beam-1000-h-4-new/3_1000_5_10_4_2.txt.out	494	3.077	0
runs/alg-1-beam-1000-h-4-new/3_1000_5_10_4_3.txt.out	496	3.711	0
runs/alg-1-beam-1000-h-4-new/3_1000_5_10_4_4.txt.out	477	2.9	0
runs/alg-1-beam-1000-h-4-new/3_1000_5_20_20_0.txt.out	240	11.723	0
runs/alg-1-beam-1000-h-4-new/3_1000_5_20_20_1.txt.out	235	12.311	0
runs/alg-1-beam-1000-h-4-new/3_1000_5_20_20_2.txt.out	231	11.114	0
runs/alg-1-beam-1000-h-4-new/3_1000_5_20_20_3.txt.out	232	11.797	0
runs/alg-1-beam-1000-h-4-new/3_1000_5_20_20_4.txt.out	235	11.818	0
runs/alg-1-beam-1000-h-4-new/3_1000_5_20_4_0.txt.out	506	3.51	0
runs/alg-1-beam-1000-h-4-new/3_1000_5_20_4_1.txt.out	500	3.313	0
runs/alg-1-beam-1000-h-4-new/3_1000_5_20_4_2.txt.out	435	2.713	0
runs/alg-1-beam-1000-h-4-new/3_1000_5_20_4_3.txt.out	375	1.848	0
runs/alg-1-beam-1000-h-4-new/3_1000_5_20_4_4.txt.out	489	3.349	0
runs/alg-1-beam-1000-h-4-new/3_1000_5_50_20_0.txt.out	238	11.78	0
runs/alg-1-beam-1000-h-4-new/3_1000_5_50_20_1.txt.out	241	12.53	0
runs/alg-1-beam-1000-h-4-new/3_1000_5_50_20_2.txt.out	233	10.717	0
runs/alg-1-beam-1000-h-4-new/3_1000_5_50_20_3.txt.out	239	12.997	0
runs/alg-1-beam-1000-h-4-new/3_1000_5_50_20_4.txt.out	239	11.792	0
runs/alg-1-beam-1000-h-4-new/3_1000_5_50_4_0.txt.out	521	3.603	0
runs/alg-1-beam-1000-h-4-new/3_1000_5_50_4_1.txt.out	517	3.708	0
runs/alg-1-beam-1000-h-4-new/3_1000_5_50_4_2.txt.out	522	3.675	0
runs/alg-1-beam-1000-h-4-new/3_1000_5_50_4_3.txt.out	519	3.302	0
runs/alg-1-beam-1000-h-4-new/3_1000_5_50_4_4.txt.out	519	3.265	0
runs/alg-1-beam-1000-h-4-new/3_200_10_10_20_0.txt.out	45	2.11	0
runs/alg-1-beam-1000-h-4-new/3_200_10_10_20_1.txt.out	45	2.375	0
runs/alg-1-beam-1000-h-4-new/3_200_10_10_20_2.txt.out	44	1.992	0
runs/alg-1-beam-1000-h-4-new/3_200_10_10_20_3.txt.out	46	1.884	0
runs/alg-1-beam-1000-h-4-new/3_200_10_10_20_4.txt.out	44	2.016	0
runs/alg-1-beam-1000-h-4-new/3_200_10_10_4_0.txt.out	95	0.625	0
runs/alg-1-beam-1000-h-4-new/3_200_10_10_4_1.txt.out	100	0.696	0
runs/alg-1-beam-1000-h-4-new/3_200_10_10_4_2.txt.out	105	0.79	0
runs/alg-1-beam-1000-h-4-new/3_200_10_10_4_3.txt.out	99	0.629	0
runs/alg-1-beam-1000-h-4-new/3_200_10_10_4_4.txt.out	101	0.681	0
runs/alg-1-beam-1000-h-4-new/3_200_10_2_20_0.txt.out	40	7.016	0
runs/alg-1-beam-1000-h-4-new/3_200_10_2_20_1.txt.out	40	7.027	0
runs/alg-1-beam-1000-h-4-new/3_200_10_2_20_2.txt.out	42	7.926	0
runs/alg-1-beam-1000-h-4-new/3_200_10_2_20_3.txt.out	42	7.244	0
runs/alg-1-beam-1000-h-4-new/3_200_10_2_20_4.txt.out	41	7.503	0
runs/alg-1-beam-1000-h-4-new/3_200_10_2_4_0.txt.out	2	0	0
runs/alg-1-beam-1000-h-4-new/3_200_10_2_4_1.txt.out	2	0	0
runs/alg-1-beam-1000-h-4-new/3_200_10_2_4_2.txt.out	62	0	0
runs/alg-1-beam-1000-h-4-new/3_200_10_2_4_3.txt.out	62	0.005	0
runs/alg-1-beam-1000-h-4-new/3_200_10_2_4_4.txt.out	57	0	0
runs/alg-1-beam-1000-h-4-new/3_200_10_4_20_0.txt.out	41	6.643	0
runs/alg-1-beam-1000-h-4-new/3_200_10_4_20_1.txt.out	44	4.312	0
runs/alg-1-beam-1000-h-4-new/3_200_10_4_20_2.txt.out	44	6.07	0
runs/alg-1-beam-1000-h-4-new/3_200_10_4_20_3.txt.out	45	5.78	0
runs/alg-1-beam-1000-h-4-new/3_200_10_4_20_4.txt.out	47	5.402	0
runs/alg-1-beam-1000-h-4-new/3_200_10_4_4_0.txt.out	92	0.599	0
runs/alg-1-beam-1000-h-4-new/3_200_10_4_4_1.txt.out	102	0.695	0
runs/alg-1-beam-1000-h-4-new/3_200_10_4_4_2.txt.out	100	0.592	0
runs/alg-1-beam-1000-h-4-new/3_200_10_4_4_3.txt.out	75	0.366	0
runs/alg-1-beam-1000-h-4-new/3_200_10_4_4_4.txt.out	68	0.326	0
runs/alg-1-beam-1000-h-4-new/3_200_3_10_20_0.txt.out	43	1.242	0
runs/alg-1-beam-1000-h-4-new/3_200_3_10_20_1.txt.out	47	1.499	0
runs/alg-1-beam-1000-h-4-new/3_200_3_10_20_2.txt.out	48	1.209	0
runs/alg-1-beam-1000-h-4-new/3_200_3_10_20_3.txt.out	47	1.378	0
runs/alg-1-beam-1000-h-4-new/3_200_3_10_20_4.txt.out	44	1.207	0
runs/alg-1-beam-1000-h-4-new/3_200_3_10_4_0.txt.out	108	0.569	0
runs/alg-1-beam-1000-h-4-new/3_200_3_10_4_1.txt.out	105	0.597	0
runs/alg-1-beam-1000-h-4-new/3_200_3_10_4_2.txt.out	104	0.574	0
runs/alg-1-beam-1000-h-4-new/3_200_3_10_4_3.txt.out	100	0.584	0
runs/alg-1-beam-1000-h-4-new/3_200_3_10_4_4.txt.out	106	0.672	0
runs/alg-1-beam-1000-h-4-new/3_200_3_2_20_0.txt.out	45	5.954	0
runs/alg-1-beam-1000-h-4-new/3_200_3_2_20_1.txt.out	45	6.563	0
runs/alg-1-beam-1000-h-4-new/3_200_3_2_20_2.txt.out	44	6.364	0
runs/alg-1-beam-1000-h-4-new/3_200_3_2_20_3.txt.out	46	7.863	0
runs/alg-1-beam-1000-h-4-new/3_200_3_2_20_4.txt.out	44	6.409	0
runs/alg-1-beam-1000-h-4-new/3_200_3_2_4_0.txt.out	70	0.013	0
runs/alg-1-beam-1000-h-4-new/3_200_3_2_4_1.txt.out	72	0.114	0
runs/alg-1-beam-1000-h-4-new/3_200_3_2_4_2.txt.out	57	0.031	0
runs/alg-1-beam-1000-h-4-new/3_200_3_2_4_3.txt.out	104	0.624	0
runs/alg-1-beam-1000-h-4-new/3_200_3_2_4_4.txt.out	3	0	0
runs/alg-1-beam-1000-h-4-new/3_200_3_4_20_0.txt.out	47	3.258	0
runs/alg-1-beam-1000-h-4-new/3_200_3_4_20_1.txt.out	44	3.275	0
runs/alg-1-beam-1000-h-4-new/3_200_3_4_20_2.txt.out	48	2.915	0
runs/alg-1-beam-1000-h-4-new/3_200_3_4_20_3.txt.out	45	3.76	0
runs/alg-1-beam-1000-h-4-new/3_200_3_4_20_4.txt.out	46	2.953	0
runs/alg-1-beam-1000-h-4-new/3_200_3_4_4_0.txt.out	95	0.557	0
runs/alg-1-beam-1000-h-4-new/3_200_3_4_4_1.txt.out	66	0.299	0
runs/alg-1-beam-1000-h-4-new/3_200_3_4_4_2.txt.out	99	0.622	0
runs/alg-1-beam-1000-h-4-new/3_200_3_4_4_3.txt.out	99	0.594	0
runs/alg-1-beam-1000-h-4-new/3_200_3_4_4_4.txt.out	99	0.632	0
runs/alg-1-beam-1000-h-4-new/3_200_5_10_20_0.txt.out	41	1.453	0
runs/alg-1-beam-1000-h-4-new/3_200_5_10_20_1.txt.out	44	1.655	0
runs/alg-1-beam-1000-h-4-new/3_200_5_10_20_2.txt.out	45	1.79	0
runs/alg-1-beam-1000-h-4-new/3_200_5_10_20_3.txt.out	48	1.759	0
runs/alg-1-beam-1000-h-4-new/3_200_5_10_20_4.txt.out	44	1.558	0
runs/alg-1-beam-1000-h-4-new/3_200_5_10_4_0.txt.out	103	0.643	0
runs/alg-1-beam-1000-h-4-new/3_200_5_10_4_1.txt.out	105	0.695	0
runs/alg-1-beam-1000-h-4-new/3_200_5_10_4_2.txt.out	104	0.652	0
runs/alg-1-beam-1000-h-4-new/3_200_5_10_4_3.txt.out	104	0.658	0
runs/alg-1-beam-1000-h-4-new/3_200_5_10_4_4.txt.out	104	0.724	0
runs/alg-1-beam-1000-h-4-new/3_200_5_2_20_0.txt.out	45	7.085	0
runs/alg-1-beam-1000-h-4-new/3_200_5_2_20_1.txt.out	43	7.246	0
runs/alg-1-beam-1000-h-4-new/3_200_5_2_20_2.txt.out	46	8.442	0
runs/alg-1-beam-1000-h-4-new/3_200_5_2_20_3.txt.out	45	7.467	0
runs/alg-1-beam-1000-h-4-new/3_200_5_2_20_4.txt.out	40	6.955	0
runs/alg-1-beam-1000-h-4-new/3_200_5_2_4_0.txt.out	62	0.005	0
runs/alg-1-beam-1000-h-4-new/3_200_5_2_4_1.txt.out	3	0	0
runs/alg-1-beam-1000-h-4-new/3_200_5_2_4_2.txt.out	72	0.024	0
runs/alg-1-beam-1000-h-4-new/3_200_5_2_4_3.txt.out	63	0.063	0
runs/alg-1-beam-1000-h-4-new/3_200_5_2_4_4.txt.out	64	0.006	0
runs/alg-1-beam-1000-h-4-new/3_200_5_4_20_0.txt.out	47	4.4	0
runs/alg-1-beam-1000-h-4-new/3_200_5_4_20_1.txt.out	46	3.942	0
runs/alg-1-beam-1000-h-4-new/3_200_5_4_20_2.txt.out	44	2.263	0
runs/alg-1-beam-1000-h-4-new/3_200_5_4_20_3.txt.out	45	4.562	0
runs/alg-1-beam-1000-h-4-new/3_200_5_4_20_4.txt.out	44	3.37	0
runs/alg-1-beam-1000-h-4-new/3_200_5_4_4_0.txt.out	98	0.563	0
runs/alg-1-beam-1000-h-4-new/3_200_5_4_4_1.txt.out	95	0.577	0
runs/alg-1-beam-1000-h-4-new/3_200_5_4_4_2.txt.out	74	0.329	0
runs/alg-1-beam-1000-h-4-new/3_200_5_4_4_3.txt.out	98	0.509	0
runs/alg-1-beam-1000-h-4-new/3_200_5_4_4_4.txt.out	93	0.517	0
runs/alg-1-beam-1000-h-4-new/3_500_10_10_20_0.txt.out	114	6.384	0
runs/alg-1-beam-1000-h-4-new/3_500_10_10_20_1.txt.out	116	7.349	0
runs/alg-1-beam-1000-h-4-new/3_500_10_10_20_2.txt.out	117	12.285	0
runs/alg-1-beam-1000-h-4-new/3_500_10_10_20_3.txt.out	111	6.917	0
runs/alg-1-beam-1000-h-4-new/3_500_10_10_20_4.txt.out	116	12.036	0
runs/alg-1-beam-1000-h-4-new/3_500_10_10_4_0.txt.out	250	2.011	0
runs/alg-1-beam-1000-h-4-new/3_500_10_10_4_1.txt.out	252	1.507	0
runs/alg-1-beam-1000-h-4-new/3_500_10_10_4_2.txt.out	248	1.834	0
runs/alg-1-beam-1000-h-4-new/3_500_10_10_4_3.txt.out	249	1.527	0
runs/alg-1-beam-1000-h-4-new/3_500_10_10_4_4.txt.out	235	1.764	0
runs/alg-1-beam-1000-h-4-new/3_500_10_25_20_0.txt.out	119	6.572	0
runs/alg-1-beam-1000-h-4-new/3_500_10_25_20_1.txt.out	112	6.422	0
runs/alg-1-beam-1000-h-4-new/3_500_10_25_20_2.txt.out	120	6.495	0
runs/alg-1-beam-1000-h-4-new/3_500_10_25_20_3.txt.out	120	7.147	0
runs/alg-1-beam-1000-h-4-new/3_500_10_25_20_4.txt.out	114	6.279	0
runs/alg-1-beam-1000-h-4-new/3_500_10_25_4_0.txt.out	259	1.898	0
runs/alg-1-beam-1000-h-4-new/3_500_10_25_4_1.txt.out	262	2.073	0
runs/alg-1-beam-1000-h-4-new/3_500_10_25_4_2.txt.out	262	2.062	0
runs/alg-1-beam-1000-h-4-new/3_500_10_25_4_3.txt.out	253	1.885	0
runs/alg-1-beam-1000-h-4-new/3_500_10_25_4_4.txt.out	254	1.828	0
runs/alg-1-beam-1000-h-4-new/3_500_10_5_20_0.txt.out	117	21.417	0
runs/alg-1-beam-1000-h-4-new/3_500_10_5_20_1.txt.out	116	21.988	0
runs/alg-1-beam-1000-h-4-new/3_500_10_5_20_2.txt.out	114	21.128	0
runs/alg-1-beam-1000-h-4-new/3_500_10_5_20_3.txt.out	113	26.818	0
runs/alg-1-beam-1000-h-4-new/3_500_10_5_20_4.txt.out	119	26.957	0
runs/alg-1-beam-1000-h-4-new/3_500_10_5_4_0.txt.out	181	1.03	0
runs/alg-1-beam-1000-h-4-new/3_500_10_5_4_1.txt.out	249	1.78	0
runs/alg-1-beam-1000-h-4-new/3_500_10_5_4_2.txt.out	240	1.75	0
runs/alg-1-beam-1000-h-4-new/3_500_10_5_4_3.txt.out	249	1.885	0
runs/alg-1-beam-1000-h-4-new/3_500_10_5_4_4.txt.out	169	0.837	0
runs/alg-1-beam-1000-h-4-new/3_500_3_10_20_0.txt.out	117	5.2	0
runs/alg-1-beam-1000-h-4-new/3_500_3_10_20_1.txt.out	116	5.166	0
runs/alg-1-beam-1000-h-4-new/3_500_3_10_20_2.txt.out	118	6.248	0
runs/alg-1-beam-1000-h-4-new/3_500_3_10_20_3.txt.out	117	6.699	0
runs/alg-1-beam-1000-h-4-new/3_500_3_10_20_4.txt.out	119	4.749	0
runs/alg-1-beam-1000-h-4-new/3_500_3_10_4_0.txt.out	246	1.54	0
runs/alg-1-beam-1000-h-4-new/3_500_3_10_4_1.txt.out	253	1.585	0
runs/alg-1-beam-1000-h-4-new/3_500_3_10_4_2.txt.out	254	1.7	0
runs/alg-1-beam-1000-h-4-new/3_500_3_10_4_3.txt.out	256	1.618	0
runs/alg-1-beam-1000-h-4-new/3_500_3_10_4_4.txt.out	254	1.646	0
runs/alg-1-beam-1000-h-4-new/3_500_3_25_20_0.txt.out	119	4.407	0
runs/alg-1-beam-1000-h-4-new/3_500_3_25_20_1.txt.out	116	4.613	0
runs/alg-1-beam-1000-h-4-new/3_500_3_25_20_2.txt.out	116	4.043	0
runs/alg-1-beam-1000-h-4-new/3_500_3_25_20_3.txt.out	117	4.17	0
runs/alg-1-beam-1000-h-4-new/3_500_3_25_20_4.txt.out	114	4.339	0
runs/alg-1-beam-1000-h-4-new/3_500_3_25_4_0.txt.out	265	1.478	0
runs/alg-1-beam-1000-h-4-new/3_500_3_25_4_1.txt.out	266	1.719	0
runs/alg-1-beam-1000-h-4-new/3_500_3_25_4_2.txt.out	268	1.712	0
runs/alg-1-beam-1000-h-4-new/3_500_3_25_4_3.txt.out	256	1.657	0
runs/alg-1-beam-1000-h-4-new/3_500_3_25_4_4.txt.out	261	1.448	0
runs/alg-1-beam-1000-h-4-new/3_500_3_5_20_0.txt.out	118	18.7	0
runs/alg-1-beam-1000-h-4-new/3_500_3_5_20_1.txt.out	119	18.644	0
runs/alg-1-beam-1000-h-4-new/3_500_3_5_20_2.txt.out	116	16.225	0
runs/alg-1-beam-1000-h-4-new/3_500_3_5_20_3.txt.out	120	17.956	0
runs/alg-1-beam-1000-h-4-new/3_500_3_5_20_4.txt.out	119	17.289	0
runs/alg-1-beam-1000-h-4-new/3_500_3_5_4_0.txt.out	232	1.527	0
runs/alg-1-beam-1000-h-4-new/3_500_3_5_4_1.txt.out	255	1.622	0
runs/alg-1-beam-1000-h-4-new/3_500_3_5_4_2.txt.out	238	1.495	0
runs/alg-1-beam-1000-h-4-new/3_500_3_5_4_3.txt.out	251	1.468	0
runs/alg-1-beam-1000-h-4-new/3_500_3_5_4_4.txt.out	250	1.693	0
runs/alg-1-beam-1000-h-4-new/3_500_5_10_20_0.txt.out	116	6.293	0
runs/alg-1-beam-1000-h-4-new/3_500_5_10_20_1.txt.out	116	9.448	0
runs/alg-1-beam-1000-h-4-new/3_500_5_10_20_2.txt.out	119	7.029	0
runs/alg-1-beam-1000-h-4-new/3_500_5_10_20_3.txt.out	117	7.19	0
runs/alg-1-beam-1000-h-4-new/3_500_5_10_20_4.txt.out	117	5.692	0
runs/alg-1-beam-1000-h-4-new/3_500_5_10_4_0.txt.out	251	1.572	0
runs/alg-1-beam-1000-h-4-new/3_500_5_10_4_1.txt.out	235	1.558	0
runs/alg-1-beam-1000-h-4-new/3_500_5_10_4_2.txt.out	255	1.8	0
runs/alg-1-beam-1000-h-4-new/3_500_5_10_4_3.txt.out	244	1.761	0
runs/alg-1-beam-1000-h-4-new/3_500_5_10_4_4.txt.out	254	1.698	0
runs/alg-1-beam-1000-h-4-new/3_500_5_25_20_0.txt.out	118	5.424	0
runs/alg-1-beam-1000-h-4-new/3_500_5_25_20_1.txt.out	116	5.25	0
runs/alg-1-beam-1000-h-4-new/3_500_5_25_20_2.txt.out	118	5.621	0
runs/alg-1-beam-1000-h-4-new/3_500_5_25_20_3.txt.out	116	5.366	0
runs/alg-1-beam-1000-h-4-new/3_500_5_25_20_4.txt.out	119	4.362	0
runs/alg-1-beam-1000-h-4-new/3_500_5_25_4_0.txt.out	260	1.938	0
runs/alg-1-beam-1000-h-4-new/3_500_5_25_4_1.txt.out	265	1.727	0
runs/alg-1-beam-1000-h-4-new/3_500_5_25_4_2.txt.out	257	1.842	0
runs/alg-1-beam-1000-h-4-new/3_500_5_25_4_3.txt.out	263	1.722	0
runs/alg-1-beam-1000-h-4-new/3_500_5_25_4_4.txt.out	255	1.838	0
runs/alg-1-beam-1000-h-4-new/3_500_5_5_20_0.txt.out	118	21.345	0
runs/alg-1-beam-1000-h-4-new/3_500_5_5_20_1.txt.out	115	21.685	0
runs/alg-1-beam-1000-h-4-new/3_500_5_5_20_2.txt.out	114	22.431	0
runs/alg-1-beam-1000-h-4-new/3_500_5_5_20_3.txt.out	113	20.902	0
runs/alg-1-beam-1000-h-4-new/3_500_5_5_20_4.txt.out	113	18.571	0
runs/alg-1-beam-1000-h-4-new/3_500_5_5_4_0.txt.out	246	1.594	0
runs/alg-1-beam-1000-h-4-new/3_500_5_5_4_1.txt.out	253	1.455	0
runs/alg-1-beam-1000-h-4-new/3_500_5_5_4_2.txt.out	246	1.696	0
runs/alg-1-beam-1000-h-4-new/3_500_5_5_4_3.txt.out	176	0.802	0
runs/alg-1-beam-1000-h-4-new/3_500_5_5_4_4.txt.out	251	1.557	0
runs/alg-1-beam-1000-h-4-new/5_1000_10_10_20_0.txt.out	157	28.082	0
runs/alg-1-beam-1000-h-4-new/5_1000_10_10_20_1.txt.out	155	26.999	0
runs/alg-1-beam-1000-h-4-new/5_1000_10_10_20_2.txt.out	164	23.734	0
runs/alg-1-beam-1000-h-4-new/5_1000_10_10_20_3.txt.out	163	19.616	0
runs/alg-1-beam-1000-h-4-new/5_1000_10_10_20_4.txt.out	162	28.475	0
runs/alg-1-beam-1000-h-4-new/5_1000_10_10_4_0.txt.out	451	3.757	0
runs/alg-1-beam-1000-h-4-new/5_1000_10_10_4_1.txt.out	446	3.219	0
runs/alg-1-beam-1000-h-4-new/5_1000_10_10_4_2.txt.out	342	1.939	0
runs/alg-1-beam-1000-h-4-new/5_1000_10_10_4_3.txt.out	363	2.031	0
runs/alg-1-beam-1000-h-4-new/5_1000_10_10_4_4.txt.out	355	1.91	0
runs/alg-1-beam-1000-h-4-new/5_1000_10_20_20_0.txt.out	158	12.166	0
runs/alg-1-beam-1000-h-4-new/5_1000_10_20_20_1.txt.out	158	11.137	0
runs/alg-1-beam-1000-h-4-new/5_1000_10_20_20_2.txt.out	159	10.78	0
runs/alg-1-beam-1000-h-4-new/5_1000_10_20_20_3.txt.out	160	10.649	0
runs/alg-1-beam-1000-h-4-new/5_1000_10_20_20_4.txt.out	158	10.961	0
runs/alg-1-beam-1000-h-4-new/5_1000_10_20_4_0.txt.out	449	3.387	0
runs/alg-1-beam-1000-h-4-new/5_1000_10_20_4_1.txt.out	450	4.039	0
runs/alg-1-beam-1000-h-4-new/5_1000_10_20_4_2.txt.out	451	4.008	0
runs/alg-1-beam-1000-h-4-new/5_1000_10_20_4_3.txt.out	454	4.017	0
runs/alg-1-beam-1000-h-4-new/5_1000_10_20_4_4.txt.out	446	3.514	0
runs/alg-1-beam-1000-h-4-new/5_1000_10_50_20_0.txt.out	164	10.188	0
runs/alg-1-beam-1000-h-4-new/5_1000_10_50_20_1.txt.out	160	10.924	0
runs/alg-1-beam-1000-h-4-new/5_1000_10_50_20_2.txt.out	163	10.561	0
runs/alg-1-beam-1000-h-4-new/5_1000_10_50_20_3.txt.out	157	9.266	0
runs/alg-1-beam-1000-h-4-new/5_1000_10_50_20_4.txt.out	159	11.132	0
runs/alg-1-beam-1000-h-4-new/5_1000_10_50_4_0.txt.out	469	3.415	0
runs/alg-1-beam-1000-h-4-new/5_1000_10_50_4_1.txt.out	469	3.901	0
runs/alg-1-beam-1000-h-4-new/5_1000_10_50_4_2.txt.out	465	3.746	0
runs/alg-1-beam-1000-h-4-new/5_1000_10_50_4_3.txt.out	477	3.996	0
runs/alg-1-beam-1000-h-4-new/5_1000_10_50_4_4.txt.out	465	3.928	0
runs/alg-1-beam-1000-h-4-new/5_1000_3_10_20_0.txt.out	160	18.157	0
runs/alg-1-beam-1000-h-4-new/5_1000_3_10_20_1.txt.out	164	16.464	0
runs/alg-1-beam-1000-h-4-new/5_1000_3_10_20_2.txt.out	160	13.51	0
runs/alg-1-beam-1000-h-4-new/5_1000_3_10_20_3.txt.out	164	13.74	0
runs/alg-1-beam-1000-h-4-new/5_1000_3_10_20_4.txt.out	161	11.744	0
runs/alg-1-beam-1000-h-4-new/5_1000_3_10_4_0.txt.out	458	3.741	0
runs/alg-1-beam-1000-h-4-new/5_1000_3_10_4_1.txt.out	453	3.39	0
runs/alg-1-beam-1000-h-4-new/5_1000_3_10_4_2.txt.out	457	3.554	0
runs/alg-1-beam-1000-h-4-new/5_1000_3_10_4_3.txt.out	448	3.473	0
runs/alg-1-beam-1000-h-4-new/5_1000_3_10_4_4.txt.out	455	3.552	0
runs/alg-1-beam-1000-h-4-new/5_1000_3_20_20_0.txt.out	162	9.091	0
runs/alg-1-beam-1000-h-4-new/5_1000_3_20_20_1.txt.out	160	9.36	0
runs/alg-1-beam-1000-h-4-new/5_1000_3_20_20_2.txt.out	163	9.345	0
runs/alg-1-beam-1000-h-4-new/5_1000_3_20_20_3.txt.out	160	8.127	0
runs/alg-1-beam-1000-h-4-new/5_1000_3_20_20_4.txt.out	160	8.829	0
runs/alg-1-beam-1000-h-4-new/5_1000_3_20_4_0.txt.out	463	3.374	0
runs/alg-1-beam-1000-h-4-new/5_1000_3_20_4_1.txt.out	460	3.434	0
runs/alg-1-beam-1000-h-4-new/5_1000_3_20_4_2.txt.out	457	3.024	0
runs/alg-1-beam-1000-h-4-new/5_1000_3_20_4_3.txt.out	452	3.363	0
runs/alg-1-beam-1000-h-4-new/5_1000_3_20_4_4.txt.out	449	3.354	0
runs/alg-1-beam-1000-h-4-new/5_1000_3_50_20_0.txt.out	159	7.911	0
runs/alg-1-beam-1000-h-4-new/5_1000_3_50_20_1.txt.out	160	7.914	0
runs/alg-1-beam-1000-h-4-new/5_1000_3_50_20_2.txt.out	161	7.929	0
runs/alg-1-beam-1000-h-4-new/5_1000_3_50_20_3.txt.out	162	8.282	0
runs/alg-1-beam-1000-h-4-new/5_1000_3_50_20_4.txt.out	162	8.723	0
runs/alg-1-beam-1000-h-4-new/5_1000_3_50_4_0.txt.out	476	3.357	0
runs/alg-1-beam-1000-h-4-new/5_1000_3_50_4_1.txt.out	488	3.656	0
runs/alg-1-beam-1000-h-4-new/5_1000_3_50_4_2.txt.out	462	3.281	0
runs/alg-1-beam-1000-h-4-new/5_1000_3_50_4_3.txt.out	468	2.824	0
runs/alg-1-beam-1000-h-4-new/5_1000_3_50_4_4.txt.out	467	3.266	0
runs/alg-1-beam-1000-h-4-new/5_1000_5_10_20_0.txt.out	158	23.312	0
runs/alg-1-beam-1000-h-4-new/5_1000_5_10_20_1.txt.out	159	21.128	0
runs/alg-1-beam-1000-h-4-new/5_1000_5_10_20_2.txt.out	161	21.644	0
runs/alg-1-beam-1000-h-4-new/5_1000_5_10_20_3.txt.out	165	15.325	0
runs/alg-1-beam-1000-h-4-new/5_1000_5_10_20_4.txt.out	161	20.89	0
runs/alg-1-beam-1000-h-4-new/5_1000_5_10_4_0.txt.out	452	3.501	0
runs/alg-1-beam-1000-h-4-new/5_1000_5_10_4_1.txt.out	455	3.541	0
runs/alg-1-beam-1000-h-4-new/5_1000_5_10_4_2.txt.out	372	2.054	0
runs/alg-1-beam-1000-h-4-new/5_1000_5_10_4_3.txt.out	454	3.705	0
runs/alg-1-beam-1000-h-4-new/5_1000_5_10_4_4.txt.out	448	3.685	0
runs/alg-1-beam-1000-h-4-new/5_1000_5_20_20_0.txt.out	160	8.835	0
runs/alg-1-beam-1000-h-4-new/5_1000_5_20_20_1.txt.out	162	8.994	0
runs/alg-1-beam-1000-h-4-new/5_1000_5_20_20_2.txt.out	162	10.456	0
runs/alg-1-beam-1000-h-4-new/5_1000_5_20_20_3.txt.out	164	9.576	0
runs/alg-1-beam-1000-h-4-new/5_1000_5_20_20_4.txt.out	163	9.213	0
runs/alg-1-beam-1000-h-4-new/5_1000_5_20_4_0.txt.out	461	3.446	0
runs/alg-1-beam-1000-h-4-new/5_1000_5_20_4_1.txt.out	467	3.685	0
runs/alg-1-beam-1000-h-4-new/5_1000_5_20_4_2.txt.out	459	3.576	0
runs/alg-1-beam-1000-h-4-new/5_1000_5_20_4_3.txt.out	463	3.023	0
runs/alg-1-beam-1000-h-4-new/5_1000_5_20_4_4.txt.out	366	1.909	0
runs/alg-1-beam-1000-h-4-new/5_1000_5_50_20_0.txt.out	162	9.505	0
runs/alg-1-beam-1000-h-4-new/5_1000_5_50_20_1.txt.out	167	10.556	0
runs/alg-1-beam-1000-h-4-new/5_1000_5_50_20_2.txt.out	164	9.076	0
runs/alg-1-beam-1000-h-4-new/5_1000_5_50_20_3.txt.out	164	9.249	0
runs/alg-1-beam-1000-h-4-new/5_1000_5_50_20_4.txt.out	163	9.095	0
runs/alg-1-beam-1000-h-4-new/5_1000_5_50_4_0.txt.out	467	3.262	0
runs/alg-1-beam-1000-h-4-new/5_1000_5_50_4_1.txt.out	465	3.569	0
runs/alg-1-beam-1000-h-4-new/5_1000_5_50_4_2.txt.out	471	3.43	0
runs/alg-1-beam-1000-h-4-new/5_1000_5_50_4_3.txt.out	463	3.6	0
runs/alg-1-beam-1000-h-4-new/5_1000_5_50_4_4.txt.out	466	3.656	0
runs/alg-1-beam-1000-h-4-new/5_200_10_10_20_0.txt.out	30	1.538	0
runs/alg-1-beam-1000-h-4-new/5_200_10_10_20_1.txt.out	29	1.426	0
runs/alg-1-beam-1000-h-4-new/5_200_10_10_20_2.txt.out	29	1.314	0
runs/alg-1-beam-1000-h-4-new/5_200_10_10_20_3.txt.out	28	1.447	0
runs/alg-1-beam-1000-h-4-new/5_200_10_10_20_4.txt.out	31	1.56	0
runs/alg-1-beam-1000-h-4-new/5_200_10_10_4_0.txt.out	87	0.759	0
runs/alg-1-beam-1000-h-4-new/5_200_10_10_4_1.txt.out	92	0.689	0
runs/alg-1-beam-1000-h-4-new/5_200_10_10_4_2.txt.out	92	0.707	0
runs/alg-1-beam-1000-h-4-new/5_200_10_10_4_3.txt.out	88	0.655	0
runs/alg-1-beam-1000-h-4-new/5_200_10_10_4_4.txt.out	88	0.636	0
runs/alg-1-beam-1000-h-4-new/5_200_10_2_20_0.txt.out	30	5.935	0
runs/alg-1-beam-1000-h-4-new/5_200_10_2_20_1.txt.out	29	5.999	0
runs/alg-1-beam-1000-h-4-new/5_200_10_2_20_2.txt.out	30	5.674	0
runs/alg-1-beam-1000-h-4-new/5_200_10_2_20_3.txt.out	29	5.504	0
runs/alg-1-beam-1000-h-4-new/5_200_10_2_20_4.txt.out	28	5.652	0
runs/alg-1-beam-1000-h-4-new/5_200_10_2_4_0.txt.out	61	0	0
runs/alg-1-beam-1000-h-4-new/5_200_10_2_4_1.txt.out	2	0	0
runs/alg-1-beam-1000-h-4-new/5_200_10_2_4_2.txt.out	59	0	0
runs/alg-1-beam-1000-h-4-new/5_200_10_2_4_3.txt.out	66	0.008	0
runs/alg-1-beam-1000-h-4-new/5_200_10_2_4_4.txt.out	2	0	0
runs/alg-1-beam-1000-h-4-new/5_200_10_4_20_0.txt.out	30	2.601	0
runs/alg-1-beam-1000-h-4-new/5_200_10_4_20_1.txt.out	30	2.145	0
runs/alg-1-beam-1000-h-4-new/5_200_10_4_20_2.txt.out	31	2.301	0
runs/alg-1-beam-1000-h-4-new/5_200_10_4_20_3.txt.out	30	1.84	0
runs/alg-1-beam-1000-h-4-new/5_200_10_4_20_4.txt.out	28	2.347	0
runs/alg-1-beam-1000-h-4-new/5_200_10_4_4_0.txt.out	63	0.27	0
runs/alg-1-beam-1000-h-4-new/5_200_10_4_4_1.txt.out	64	0.332	0
runs/alg-1-beam-1000-h-4-new/5_200_10_4_4_2.txt.out	69	0.348	0
runs/alg-1-beam-1000-h-4-new/5_200_10_4_4_3.txt.out	84	0.479	0
runs/alg-1-beam-1000-h-4-new/5_200_10_4_4_4.txt.out	87	0.705	0
runs/alg-1-beam-1000-h-4-new/5_200_3_10_20_0.txt.out	30	1.05	0
runs/alg-1-beam-1000-h-4-new/5_200_3_10_20_1.txt.out	30	1.066	0
runs/alg-1-beam-1000-h-4-new/5_200_3_10_20_2.txt.out	29	0.817	0
runs/alg-1-beam-1000-h-4-new/5_200_3_10_20_3.txt.out	29	1.05	0
runs/alg-1-beam-1000-h-4-new/5_200_3_10_20_4.txt.out	29	0.954	0
runs/alg-1-beam-1000-h-4-new/5_200_3_10_4_0.txt.out	92	0.591	0
runs/alg-1-beam-1000-h-4-new/5_200_3_10_4_1.txt.out	94	0.62	0
runs/alg-1-beam-1000-h-4-new/5_200_3_10_4_2.txt.out	95	0.624	0
runs/alg-1-beam-1000-h-4-new/5_200_3_10_4_3.txt.out	93	0.635	0
runs/alg-1-beam-1000-h-4-new/5_200_3_10_4_4.txt.out	94	0.565	0
runs/alg-1-beam-1000-h-4-new/5_200_3_2_20_0.txt.out	30	3.931	0
runs/alg-1-beam-1000-h-4-new/5_200_3_2_20_1.txt.out	28	3.968	0
runs/alg-1-beam-1000-h-4-new/5_200_3_2_20_2.txt.out	30	4.348	0
runs/alg-1-beam-1000-h-4-new/5_200_3_2_20_3.txt.out	29	2.973	0
runs/alg-1-beam-1000-h-4-new/5_200_3_2_20_4.txt.out	29	4.043	0
runs/alg-1-beam-1000-h-4-new/5_200_3_2_4_0.txt.out	62	0.171	0
runs/alg-1-beam-1000-h-4-new/5_200_3_2_4_1.txt.out	86	0.566	0
runs/alg-1-beam-1000-h-4-new/5_200_3_2_4_2.txt.out	70	0.146	0
runs/alg-1-beam-1000-h-4-new/5_200_3_2_4_3.txt.out	62	0.014	0
runs/alg-1-beam-1000-h-4-new/5_200_3_2_4_4.txt.out	91	0.624	0
runs/alg-1-beam-1000-h-4-new/5_200_3_4_20_0.txt.out	31	1.373	0
runs/alg-1-beam-1000-h-4-new/5_200_3_4_20_1.txt.out	31	1.441	0
runs/alg-1-beam-1000-h-4-new/5_200_3_4_20_2.txt.out	28	1.679	0
runs/alg-1-beam-1000-h-4-new/5_200_3_4_20_3.txt.out	30	1.343	0
runs/alg-1-beam-1000-h-4-new/5_200_3_4_20_4.txt.out	30	1.387	0
runs/alg-1-beam-1000-h-4-new/5_200_3_4_4_0.txt.out	82	0.454	0
runs/alg-1-beam-1000-h-4-new/5_200_3_4_4_1.txt.out	91	0.618	0
runs/alg-1-beam-1000-h-4-new/5_200_3_4_4_2.txt.out	92	0.629	0
runs/alg-1-beam-1000-h-4-new/5_200_3_4_4_3.txt.out	86	0.574	0
runs/alg-1-beam-1000-h-4-new/5_200_3_4_4_4.txt.out	88	0.616	0
runs/alg-1-beam-1000-h-4-new/5_200_5_10_20_0.txt.out	31	1.09	0
runs/alg-1-beam-1000-h-4-new/5_200_5_10_20_1.txt.out	28	1.056	0
runs/alg-1-beam-1000-h-4-new/5_200_5_10_20_2.txt.out	30	0.942	0
runs/alg-1-beam-1000-h-4-new/5_200_5_10_20_3.txt.out	31	1.14	0
runs/alg-1-beam-1000-h-4-new/5_200_5_10_20_4.txt.out	31	1.237	0
runs/alg-1-beam-1000-h-4-new/5_200_5_10_4_0.txt.out	93	0.655	0
runs/alg-1-beam-1000-h-4-new/5_200_5_10_4_1.txt.out	96	0.637	0
runs/alg-1-beam-1000-h-4-new/5_200_5_10_4_2.txt.out	90	0.547	0
runs/alg-1-beam-1000-h-4-new/5_200_5_10_4_3.txt.out	93	0.614	0
runs/alg-1-beam-1000-h-4-new/5_200_5_10_4_4.txt.out	91	0.624	0
runs/alg-1-beam-1000-h-4-new/5_200_5_2_20_0.txt.out	27	5.133	0
runs/alg-1-beam-1000-h-4-new/5_200_5_2_20_1.txt.out	27	4.795	0
runs/alg-1-beam-1000-h-4-new/5_200_5_2_20_2.txt.out	28	5.143	0
runs/alg-1-beam-1000-h-4-new/5_200_5_2_20_3.txt.out	27	4.914	0
runs/alg-1-beam-1000-h-4-new/5_200_5_2_20_4.txt.out	29	4.822	0
runs/alg-1-beam-1000-h-4-new/5_200_5_2_4_0.txt.out	63	0.008	0
runs/alg-1-beam-1000-h-4-new/5_200_5_2_4_1.txt.out	86	0.572	0
runs/alg-1-beam-1000-h-4-new/5_200_5_2_4_2.txt.out	59	0.123	0
runs/alg-1-beam-1000-h-4-new/5_200_5_2_4_3.txt.out	64	0.015	0
runs/alg-1-beam-1000-h-4-new/5_200_5_2_4_4.txt.out	3	0	0
runs/alg-1-beam-1000-h-4-new/5_200_5_4_20_0.txt.out	30	2.546	0
runs/alg-1-beam-1000-h-4-new/5_200_5_4_20_1.txt.out	29	2.701	0
runs/alg-1-beam-1000-h-4-new/5_200_5_4_20_2.txt.out	31	1.971	0
runs/alg-1-beam-1000-h-4-new/5_200_5_4_20_3.txt.out	28	1.263	0
runs/alg-1-beam-1000-h-4-new/5_200_5_4_20_4.txt.out	30	1.025	0
runs/alg-1-beam-1000-h-4-new/5_200_5_4_4_0.txt.out	87	0.629	0
runs/alg-1-beam-1000-h-4-new/5_200_5_4_4_1.txt.out	88	0.602	0
runs/alg-1-beam-1000-h-4-new/5_200_5_4_4_2.txt.out	90	0.654	0
runs/alg-1-beam-1000-h-4-new/5_200_5_4_4_3.txt.out	89	0.612	0
runs/alg-1-beam-1000-h-4-new/5_200_5_4_4_4.txt.out	93	0.543	0
runs/alg-1-beam-1000-h-4-new/5_500_10_10_20_0.txt.out	76	5.562	0
runs/alg-1-beam-1000-h-4-new/5_500_10_10_20_1.txt.out	82	5.132	0
runs/alg-1-beam-1000-h-4-new/5_500_10_10_20_2.txt.out	80	4.528	0
runs/alg-1-beam-1000-h-4-new/5_500_10_10_20_3.txt.out	76	5.382	0
runs/alg-1-beam-1000-h-4-new/5_500_10_10_20_4.txt.out	79	4.473	0
runs/alg-1-beam-1000-h-4-new/5_500_10_10_4_0.txt.out	227	1.852	0
runs/alg-1-beam-1000-h-4-new/5_500_10_10_4_1.txt.out	226	1.843	0
runs/alg-1-beam-1000-h-4-new/5_500_10_10_4_2.txt.out	227	1.824	0
runs/alg-1-beam-1000-h-4-new/5_500_10_10_4_3.txt.out	235	1.511	0
runs/alg-1-beam-1000-h-4-new/5_500_10_10_4_4.txt.out	232	1.93	0
runs/alg-1-beam-1000-h-4-new/5_500_10_25_20_0.txt.out	76	4.793	0
runs/alg-1-beam-1000-h-4-new/5_500_10_25_20_1.txt.out	78	4.881	0
runs/alg-1-beam-1000-h-4-new/5_500_10_25_20_2.txt.out	81	5.002	0
runs/alg-1-beam-1000-h-4-new/5_500_10_25_20_3.txt.out	78	4.061	0
runs/alg-1-beam-1000-h-4-new/5_500_10_25_20_4.txt.out	79	4.85	0
runs/alg-1-beam-1000-h-4-new/5_500_10_25_4_0.txt.out	229	1.952	0
runs/alg-1-beam-1000-h-4-new/5_500_10_25_4_1.txt.out	229	1.929	0
runs/alg-1-beam-1000-h-4-new/5_500_10_25_4_2.txt.out	232	1.853	0
runs/alg-1-beam-1000-h-4-new/5_500_10_25_4_3.txt.out	230	1.944	0
runs/alg-1-beam-1000-h-4-new/5_500_10_25_4_4.txt.out	202	1.178	0
runs/alg-1-beam-1000-h-4-new/5_500_10_5_20_0.txt.out	78	16.558	0
runs/alg-1-beam-1000-h-4-new/5_500_10_5_20_1.txt.out	79	17.589	0
runs/alg-1-beam-1000-h-4-new/5_500_10_5_20_2.txt.out	77	15.99	0
runs/alg-1-beam-1000-h-4-new/5_500_10_5_20_3.txt.out	77	15.013	0
runs/alg-1-beam-1000-h-4-new/5_500_10_5_20_4.txt.out	77	14.344	0
runs/alg-1-beam-1000-h-4-new/5_500_10_5_4_0.txt.out	166	0.92	0
runs/alg-1-beam-1000-h-4-new/5_500_10_5_4_1.txt.out	217	1.473	0
runs/alg-1-beam-1000-h-4-new/5_500_10_5_4_2.txt.out	169	0.883	0
runs/alg-1-beam-1000-h-4-new/5_500_10_5_4_3.txt.out	226	1.918	0
runs/alg-1-beam-1000-h-4-new/5_500_10_5_4_4.txt.out	224	1.826	0
runs/alg-1-beam-1000-h-4-new/5_500_3_10_20_0.txt.out	78	4.005	0
runs/alg-1-beam-1000-h-4-new/5_500_3_10_20_1.txt.out	78	4.275	0
runs/alg-1-beam-1000-h-4-new/5_500_3_10_20_2.txt.out	78	3.465	0
runs/alg-1-beam-1000-h-4-new/5_500_3_10_20_3.txt.out	77	4.133	0
runs/alg-1-beam-1000-h-4-new/5_500_3_10_20_4.txt.out	80	4.508	0
runs/alg-1-beam-1000-h-4-new/5_500_3_10_4_0.txt.out	230	1.721	0
runs/alg-1-beam-1000-h-4-new/5_500_3_10_4_1.txt.out	230	1.38	0
runs/alg-1-beam-1000-h-4-new/5_500_3_10_4_2.txt.out	226	1.566	0
runs/alg-1-beam-1000-h-4-new/5_500_3_10_4_3.txt.out	226	1.729	0
runs/alg-1-beam-1000-h-4-new/5_500_3_10_4_4.txt.out	228	1.765	0
runs/alg-1-beam-1000-h-4-new/5_500_3_25_20_0.txt.out	76	3.766	0
runs/alg-1-beam-1000-h-4-new/5_500_3_25_20_1.txt.out	78	3.736	0
runs/alg-1-beam-1000-h-4-new/5_500_3_25_20_2.txt.out	79	3.895	0
runs/alg-1-beam-1000-h-4-new/5_500_3_25_20_3.txt.out	81	3.974	0
runs/alg-1-beam-1000-h-4-new/5_500_3_25_20_4.txt.out	82	3.764	0
runs/alg-1-beam-1000-h-4-new/5_500_3_25_4_0.txt.out	243	1.766	0
runs/alg-1-beam-1000-h-4-new/5_500_3_25_4_1.txt.out	237	1.708	0
runs/alg-1-beam-1000-h-4-new/5_500_3_25_4_2.txt.out	197	1.148	0
runs/alg-1-beam-1000-h-4-new/5_500_3_25_4_3.txt.out	235	1.764	0
runs/alg-1-beam-1000-h-4-new/5_500_3_25_4_4.txt.out	237	1.668	0
runs/alg-1-beam-1000-h-4-new/5_500_3_5_20_0.txt.out	81	9.823	0
runs/alg-1-beam-1000-h-4-new/5_500_3_5_20_1.txt.out	78	8.088	0
runs/alg-1-beam-1000-h-4-new/5_500_3_5_20_2.txt.out	81	8.98	0
runs/alg-1-beam-1000-h-4-new/5_500_3_5_20_3.txt.out	78	10.914	0
runs/alg-1-beam-1000-h-4-new/5_500_3_5_20_4.txt.out	80	8.496	0
runs/alg-1-beam-1000-h-4-new/5_500_3_5_4_0.txt.out	228	1.788	0
runs/alg-1-beam-1000-h-4-new/5_500_3_5_4_1.txt.out	221	1.674	0
runs/alg-1-beam-1000-h-4-new/5_500_3_5_4_2.txt.out	231	1.496	0
runs/alg-1-beam-1000-h-4-new/5_500_3_5_4_3.txt.out	232	1.636	0
runs/alg-1-beam-1000-h-4-new/5_500_3_5_4_4.txt.out	214	1.54	0
runs/alg-1-beam-1000-h-4-new/5_500_5_10_20_0.txt.out	80	4.199	0
runs/alg-1-beam-1000-h-4-new/5_500_5_10_20_1.txt.out	79	4.614	0
runs/alg-1-beam-1000-h-4-new/5_500_5_10_20_2.txt.out	80	4.373	0
runs/alg-1-beam-1000-h-4-new/5_500_5_10_20_3.txt.out	79	4.279	0
runs/alg-1-beam-1000-h-4-new/5_500_5_10_20_4.txt.out	78	4.307	0
runs/alg-1-beam-1000-h-4-new/5_500_5_10_4_0.txt.out	225	1.919	0
runs/alg-1-beam-1000-h-4-new/5_500_5_10_4_1.txt.out	222	1.471	0
runs/alg-1-beam-1000-h-4-new/5_500_5_10_4_2.txt.out	221	1.654	0
runs/alg-1-beam-1000-h-4-new/5_500_5_10_4_3.txt.out	229	1.901	0
runs/alg-1-beam-1000-h-4-new/5_500_5_10_4_4.txt.out	232	1.758	0
runs/alg-1-beam-1000-h-4-new/5_500_5_25_20_0.txt.out	78	4.179	0
runs/alg-1-beam-1000-h-4-new/5_500_5_25_20_1.txt.out	77	4.324	0
runs/alg-1-beam-1000-h-4-new/5_500_5_25_20_2.txt.out	78	4.258	0
runs/alg-1-beam-1000-h-4-new/5_500_5_25_20_3.txt.out	82	4.248	0
runs/alg-1-beam-1000-h-4-new/5_500_5_25_20_4.txt.out	77	4.234	0
runs/alg-1-beam-1000-h-4-new/5_500_5_25_4_0.txt.out	236	1.747	0
runs/alg-1-beam-1000-h-4-new/5_500_5_25_4_1.txt.out	235	1.828	0
runs/alg-1-beam-1000-h-4-new/5_500_5_25_4_2.txt.out	234	1.71	0
runs/alg-1-beam-1000-h-4-new/5_500_5_25_4_3.txt.out	229	1.77	0
runs/alg-1-beam-1000-h-4-new/5_500_5_25_4_4.txt.out	231	1.786	0
runs/alg-1-beam-1000-h-4-new/5_500_5_5_20_0.txt.out	78	12.029	0
runs/alg-1-beam-1000-h-4-new/5_500_5_5_20_1.txt.out	81	9.01	0
runs/alg-1-beam-1000-h-4-new/5_500_5_5_20_2.txt.out	81	15.45	0
runs/alg-1-beam-1000-h-4-new/5_500_5_5_20_3.txt.out	77	14.663	0
runs/alg-1-beam-1000-h-4-new/5_500_5_5_20_4.txt.out	78	14.77	0
runs/alg-1-beam-1000-h-4-new/5_500_5_5_4_0.txt.out	227	1.826	0
runs/alg-1-beam-1000-h-4-new/5_500_5_5_4_1.txt.out	224	1.69	0
runs/alg-1-beam-1000-h-4-new/5_500_5_5_4_2.txt.out	210	1.313	0
runs/alg-1-beam-1000-h-4-new/5_500_5_5_4_3.txt.out	227	1.862	0
runs/alg-1-beam-1000-h-4-new/5_500_5_5_4_4.txt.out	174	0.774	0
